{
  "hash": "3889de5c",
  "configHash": "5761c56f",
  "lockfileHash": "3b644b5d",
  "browserHash": "a1cbe037",
  "optimized": {
    "@angular/animations": {
      "src": "../../../../../../node_modules/@angular/animations/fesm2022/animations.mjs",
      "file": "@angular_animations.js",
      "fileHash": "a1b63f07",
      "needsInterop": false
    },
    "@angular/cdk/coercion": {
      "src": "../../../../../../node_modules/@angular/cdk/fesm2022/coercion.mjs",
      "file": "@angular_cdk_coercion.js",
      "fileHash": "7e9a84e5",
      "needsInterop": false
    },
    "@angular/cdk/drag-drop": {
      "src": "../../../../../../node_modules/@angular/cdk/fesm2022/drag-drop.mjs",
      "file": "@angular_cdk_drag-drop.js",
      "fileHash": "c24b1c8e",
      "needsInterop": false
    },
    "@angular/cdk/layout": {
      "src": "../../../../../../node_modules/@angular/cdk/fesm2022/layout.mjs",
      "file": "@angular_cdk_layout.js",
      "fileHash": "430cbfd4",
      "needsInterop": false
    },
    "@angular/cdk/overlay": {
      "src": "../../../../../../node_modules/@angular/cdk/fesm2022/overlay.mjs",
      "file": "@angular_cdk_overlay.js",
      "fileHash": "c297132d",
      "needsInterop": false
    },
    "@angular/cdk/platform": {
      "src": "../../../../../../node_modules/@angular/cdk/fesm2022/platform.mjs",
      "file": "@angular_cdk_platform.js",
      "fileHash": "e01ac107",
      "needsInterop": false
    },
    "@angular/cdk/portal": {
      "src": "../../../../../../node_modules/@angular/cdk/fesm2022/portal.mjs",
      "file": "@angular_cdk_portal.js",
      "fileHash": "716d24d7",
      "needsInterop": false
    },
    "@angular/cdk/text-field": {
      "src": "../../../../../../node_modules/@angular/cdk/fesm2022/text-field.mjs",
      "file": "@angular_cdk_text-field.js",
      "fileHash": "bc9375ca",
      "needsInterop": false
    },
    "@angular/common": {
      "src": "../../../../../../node_modules/@angular/common/fesm2022/common.mjs",
      "file": "@angular_common.js",
      "fileHash": "4c52d53f",
      "needsInterop": false
    },
    "@angular/common/http": {
      "src": "../../../../../../node_modules/@angular/common/fesm2022/http.mjs",
      "file": "@angular_common_http.js",
      "fileHash": "a2e91e89",
      "needsInterop": false
    },
    "@angular/core": {
      "src": "../../../../../../node_modules/@angular/core/fesm2022/core.mjs",
      "file": "@angular_core.js",
      "fileHash": "e8af14c1",
      "needsInterop": false
    },
    "@angular/forms": {
      "src": "../../../../../../node_modules/@angular/forms/fesm2022/forms.mjs",
      "file": "@angular_forms.js",
      "fileHash": "c0f38875",
      "needsInterop": false
    },
    "@angular/material-luxon-adapter": {
      "src": "../../../../../../node_modules/@angular/material-luxon-adapter/fesm2022/material-luxon-adapter.mjs",
      "file": "@angular_material-luxon-adapter.js",
      "fileHash": "bc028ce1",
      "needsInterop": false
    },
    "@angular/material/autocomplete": {
      "src": "../../../../../../node_modules/@angular/material/fesm2022/autocomplete.mjs",
      "file": "@angular_material_autocomplete.js",
      "fileHash": "1b638383",
      "needsInterop": false
    },
    "@angular/material/button": {
      "src": "../../../../../../node_modules/@angular/material/fesm2022/button.mjs",
      "file": "@angular_material_button.js",
      "fileHash": "f7c3329b",
      "needsInterop": false
    },
    "@angular/material/button-toggle": {
      "src": "../../../../../../node_modules/@angular/material/fesm2022/button-toggle.mjs",
      "file": "@angular_material_button-toggle.js",
      "fileHash": "ad6224fd",
      "needsInterop": false
    },
    "@angular/material/card": {
      "src": "../../../../../../node_modules/@angular/material/fesm2022/card.mjs",
      "file": "@angular_material_card.js",
      "fileHash": "52fd02e5",
      "needsInterop": false
    },
    "@angular/material/checkbox": {
      "src": "../../../../../../node_modules/@angular/material/fesm2022/checkbox.mjs",
      "file": "@angular_material_checkbox.js",
      "fileHash": "30300750",
      "needsInterop": false
    },
    "@angular/material/core": {
      "src": "../../../../../../node_modules/@angular/material/fesm2022/core.mjs",
      "file": "@angular_material_core.js",
      "fileHash": "ea9fc953",
      "needsInterop": false
    },
    "@angular/material/datepicker": {
      "src": "../../../../../../node_modules/@angular/material/fesm2022/datepicker.mjs",
      "file": "@angular_material_datepicker.js",
      "fileHash": "b9073fae",
      "needsInterop": false
    },
    "@angular/material/dialog": {
      "src": "../../../../../../node_modules/@angular/material/fesm2022/dialog.mjs",
      "file": "@angular_material_dialog.js",
      "fileHash": "e64b99ab",
      "needsInterop": false
    },
    "@angular/material/divider": {
      "src": "../../../../../../node_modules/@angular/material/fesm2022/divider.mjs",
      "file": "@angular_material_divider.js",
      "fileHash": "904ccd5f",
      "needsInterop": false
    },
    "@angular/material/form-field": {
      "src": "../../../../../../node_modules/@angular/material/fesm2022/form-field.mjs",
      "file": "@angular_material_form-field.js",
      "fileHash": "ae507d1b",
      "needsInterop": false
    },
    "@angular/material/grid-list": {
      "src": "../../../../../../node_modules/@angular/material/fesm2022/grid-list.mjs",
      "file": "@angular_material_grid-list.js",
      "fileHash": "58192062",
      "needsInterop": false
    },
    "@angular/material/icon": {
      "src": "../../../../../../node_modules/@angular/material/fesm2022/icon.mjs",
      "file": "@angular_material_icon.js",
      "fileHash": "46090fd4",
      "needsInterop": false
    },
    "@angular/material/input": {
      "src": "../../../../../../node_modules/@angular/material/fesm2022/input.mjs",
      "file": "@angular_material_input.js",
      "fileHash": "9d215e53",
      "needsInterop": false
    },
    "@angular/material/menu": {
      "src": "../../../../../../node_modules/@angular/material/fesm2022/menu.mjs",
      "file": "@angular_material_menu.js",
      "fileHash": "f8e324d2",
      "needsInterop": false
    },
    "@angular/material/paginator": {
      "src": "../../../../../../node_modules/@angular/material/fesm2022/paginator.mjs",
      "file": "@angular_material_paginator.js",
      "fileHash": "6d01ba3c",
      "needsInterop": false
    },
    "@angular/material/progress-bar": {
      "src": "../../../../../../node_modules/@angular/material/fesm2022/progress-bar.mjs",
      "file": "@angular_material_progress-bar.js",
      "fileHash": "81b61309",
      "needsInterop": false
    },
    "@angular/material/progress-spinner": {
      "src": "../../../../../../node_modules/@angular/material/fesm2022/progress-spinner.mjs",
      "file": "@angular_material_progress-spinner.js",
      "fileHash": "ecdf001c",
      "needsInterop": false
    },
    "@angular/material/radio": {
      "src": "../../../../../../node_modules/@angular/material/fesm2022/radio.mjs",
      "file": "@angular_material_radio.js",
      "fileHash": "1f9d78dc",
      "needsInterop": false
    },
    "@angular/material/select": {
      "src": "../../../../../../node_modules/@angular/material/fesm2022/select.mjs",
      "file": "@angular_material_select.js",
      "fileHash": "5988b91c",
      "needsInterop": false
    },
    "@angular/material/sidenav": {
      "src": "../../../../../../node_modules/@angular/material/fesm2022/sidenav.mjs",
      "file": "@angular_material_sidenav.js",
      "fileHash": "c06a2848",
      "needsInterop": false
    },
    "@angular/material/slide-toggle": {
      "src": "../../../../../../node_modules/@angular/material/fesm2022/slide-toggle.mjs",
      "file": "@angular_material_slide-toggle.js",
      "fileHash": "d3b6e6ae",
      "needsInterop": false
    },
    "@angular/material/snack-bar": {
      "src": "../../../../../../node_modules/@angular/material/fesm2022/snack-bar.mjs",
      "file": "@angular_material_snack-bar.js",
      "fileHash": "6af05e5a",
      "needsInterop": false
    },
    "@angular/material/sort": {
      "src": "../../../../../../node_modules/@angular/material/fesm2022/sort.mjs",
      "file": "@angular_material_sort.js",
      "fileHash": "eb2f9794",
      "needsInterop": false
    },
    "@angular/material/stepper": {
      "src": "../../../../../../node_modules/@angular/material/fesm2022/stepper.mjs",
      "file": "@angular_material_stepper.js",
      "fileHash": "94100bda",
      "needsInterop": false
    },
    "@angular/material/table": {
      "src": "../../../../../../node_modules/@angular/material/fesm2022/table.mjs",
      "file": "@angular_material_table.js",
      "fileHash": "0b4fea97",
      "needsInterop": false
    },
    "@angular/material/tabs": {
      "src": "../../../../../../node_modules/@angular/material/fesm2022/tabs.mjs",
      "file": "@angular_material_tabs.js",
      "fileHash": "90895d8d",
      "needsInterop": false
    },
    "@angular/material/timepicker": {
      "src": "../../../../../../node_modules/@angular/material/fesm2022/timepicker.mjs",
      "file": "@angular_material_timepicker.js",
      "fileHash": "292d3b8b",
      "needsInterop": false
    },
    "@angular/material/tooltip": {
      "src": "../../../../../../node_modules/@angular/material/fesm2022/tooltip.mjs",
      "file": "@angular_material_tooltip.js",
      "fileHash": "c9356aa3",
      "needsInterop": false
    },
    "@angular/platform-browser": {
      "src": "../../../../../../node_modules/@angular/platform-browser/fesm2022/platform-browser.mjs",
      "file": "@angular_platform-browser.js",
      "fileHash": "695ee251",
      "needsInterop": false
    },
    "@angular/platform-browser/animations": {
      "src": "../../../../../../node_modules/@angular/platform-browser/fesm2022/animations.mjs",
      "file": "@angular_platform-browser_animations.js",
      "fileHash": "3c7553fb",
      "needsInterop": false
    },
    "@angular/router": {
      "src": "../../../../../../node_modules/@angular/router/fesm2022/router.mjs",
      "file": "@angular_router.js",
      "fileHash": "c07e6dda",
      "needsInterop": false
    },
    "@jsverse/transloco": {
      "src": "../../../../../../node_modules/@jsverse/transloco/fesm2022/jsverse-transloco.mjs",
      "file": "@jsverse_transloco.js",
      "fileHash": "95b868eb",
      "needsInterop": false
    },
    "axios": {
      "src": "../../../../../../node_modules/axios/index.js",
      "file": "axios.js",
      "fileHash": "aded25d3",
      "needsInterop": false
    },
    "crypto-js/enc-base64": {
      "src": "../../../../../../node_modules/crypto-js/enc-base64.js",
      "file": "crypto-js_enc-base64.js",
      "fileHash": "f8db61dd",
      "needsInterop": true
    },
    "crypto-js/enc-utf8": {
      "src": "../../../../../../node_modules/crypto-js/enc-utf8.js",
      "file": "crypto-js_enc-utf8.js",
      "fileHash": "5c8da4ac",
      "needsInterop": true
    },
    "crypto-js/hmac-sha256": {
      "src": "../../../../../../node_modules/crypto-js/hmac-sha256.js",
      "file": "crypto-js_hmac-sha256.js",
      "fileHash": "e4bb2700",
      "needsInterop": true
    },
    "file-saver": {
      "src": "../../../../../../node_modules/file-saver/dist/FileSaver.min.js",
      "file": "file-saver.js",
      "fileHash": "8a916aa0",
      "needsInterop": true
    },
    "lodash-es": {
      "src": "../../../../../../node_modules/lodash-es/lodash.js",
      "file": "lodash-es.js",
      "fileHash": "360e14f3",
      "needsInterop": false
    },
    "luxon": {
      "src": "../../../../../../node_modules/luxon/src/luxon.js",
      "file": "luxon.js",
      "fileHash": "910c255e",
      "needsInterop": false
    },
    "ng-apexcharts": {
      "src": "../../../../../../node_modules/ng-apexcharts/fesm2022/ng-apexcharts.mjs",
      "file": "ng-apexcharts.js",
      "fileHash": "ba3fb14e",
      "needsInterop": false
    },
    "perfect-scrollbar": {
      "src": "../../../../../../node_modules/perfect-scrollbar/dist/perfect-scrollbar.esm.js",
      "file": "perfect-scrollbar.js",
      "fileHash": "2a405d94",
      "needsInterop": false
    },
    "rxjs": {
      "src": "../../../../../../node_modules/rxjs/dist/esm5/index.js",
      "file": "rxjs.js",
      "fileHash": "403ea4de",
      "needsInterop": false
    },
    "xlsx": {
      "src": "../../../../../../node_modules/xlsx/xlsx.mjs",
      "file": "xlsx.js",
      "fileHash": "7da0d663",
      "needsInterop": false
    }
  },
  "chunks": {
    "apexcharts.common-PLMGBTNQ": {
      "file": "apexcharts__common-PLMGBTNQ.js"
    },
    "chunk-GVRKI4UQ": {
      "file": "chunk-GVRKI4UQ.js"
    },
    "chunk-O63HT4J3": {
      "file": "chunk-O63HT4J3.js"
    },
    "chunk-6CYHAMAC": {
      "file": "chunk-6CYHAMAC.js"
    },
    "chunk-PRQ5DP7I": {
      "file": "chunk-PRQ5DP7I.js"
    },
    "chunk-2DLFCW5O": {
      "file": "chunk-2DLFCW5O.js"
    },
    "chunk-AVMQOOV2": {
      "file": "chunk-AVMQOOV2.js"
    },
    "chunk-K45EVNJG": {
      "file": "chunk-K45EVNJG.js"
    },
    "chunk-VMK56I6P": {
      "file": "chunk-VMK56I6P.js"
    },
    "chunk-O7LGD3OU": {
      "file": "chunk-O7LGD3OU.js"
    },
    "chunk-V3QJXHVB": {
      "file": "chunk-V3QJXHVB.js"
    },
    "chunk-LIEK73UY": {
      "file": "chunk-LIEK73UY.js"
    },
    "chunk-VXO3PQDQ": {
      "file": "chunk-VXO3PQDQ.js"
    },
    "chunk-UIHZTQ5A": {
      "file": "chunk-UIHZTQ5A.js"
    },
    "chunk-KGWFVHGB": {
      "file": "chunk-KGWFVHGB.js"
    },
    "chunk-ME66J6V6": {
      "file": "chunk-ME66J6V6.js"
    },
    "chunk-RVDIP7WJ": {
      "file": "chunk-RVDIP7WJ.js"
    },
    "chunk-QKYASU42": {
      "file": "chunk-QKYASU42.js"
    },
    "chunk-6USIYKCW": {
      "file": "chunk-6USIYKCW.js"
    },
    "chunk-7CNGLZKA": {
      "file": "chunk-7CNGLZKA.js"
    },
    "chunk-ZMK3G3X3": {
      "file": "chunk-ZMK3G3X3.js"
    },
    "chunk-YURQ3VDP": {
      "file": "chunk-YURQ3VDP.js"
    },
    "chunk-3KMBDC47": {
      "file": "chunk-3KMBDC47.js"
    },
    "chunk-N3U4OAZ5": {
      "file": "chunk-N3U4OAZ5.js"
    },
    "chunk-LLH4QHU6": {
      "file": "chunk-LLH4QHU6.js"
    },
    "chunk-2MILMYBF": {
      "file": "chunk-2MILMYBF.js"
    },
    "chunk-W4PHOTIT": {
      "file": "chunk-W4PHOTIT.js"
    },
    "chunk-ZSY7TSMJ": {
      "file": "chunk-ZSY7TSMJ.js"
    },
    "chunk-RJX5MCQ2": {
      "file": "chunk-RJX5MCQ2.js"
    }
  }
}